y_true,y_pred,y_prob,Cloze,Seed
1,1,0.54333955152788,1.0,8
1,1,0.5674812086268007,0.8,8
1,1,0.5981810687000129,0.6,8
1,1,0.5757227902370765,0.8,8
1,1,0.5856458471123173,0.8,8
1,0,0.4927234580329986,0.7333333333,8
1,0,0.42779089606588194,0.3333333333,8
1,0,0.4265526807304067,0.6,8
1,0,0.4752592631416101,0.8,8
1,0,0.43249321972915994,0.6666666667,8
1,0,0.40506053480192683,0.6666666667,8
1,1,0.6828880586607916,1.0,8
1,1,0.5426480693220386,1.0,8
1,0,0.4863108646622799,0.6666666667,8
1,1,0.5921118200588142,1.0,8
1,1,0.5644930849631602,1.0,8
1,1,0.5273061856354233,0.9333333333,8
1,1,0.7046457373069294,1.0,8
0,0,0.19334337743206156,0.0,8
1,1,0.6888156514380486,0.2,8
0,1,0.6152176714080759,0.0,8
1,1,0.5356749778563455,0.06666666667,8
1,1,0.7790099957204123,0.1333333333,8
0,1,0.5095603634885011,0.0,8
0,1,0.5469839149097301,0.0,8
0,1,0.7378547616718488,0.0,8
1,0,0.43283226449157425,0.1333333333,8
1,0,0.4837951215369341,0.06666666667,8
1,0,0.4920715235082197,0.1333333333,8
0,1,0.518885742886286,0.0,8
1,0,0.4350770024762528,0.06666666667,8
0,1,0.6570720322954132,0.0,8
1,1,0.6144568835103082,0.06666666667,8
1,1,0.601831558085508,0.06666666667,8
0,1,0.5417946446526084,0.0,8
1,1,0.5457783526042391,0.3333333333,8
1,1,0.7247508280458047,0.1333333333,8
1,1,0.6114541841614073,0.06666666667,8
0,1,0.6056122664040495,0.0,8
0,1,0.5049637254769012,0.0,8
0,0,0.4380369878129286,0.0,8
1,1,0.5968480899751755,0.06666666667,8
1,1,0.5252061161343933,0.06666666667,8
0,1,0.6755398953327152,0.0,8
0,0,0.444891974565641,0.0,8
0,0,0.4120198803560767,0.0,8
1,1,0.6698737183520298,0.1333333333,8
0,1,0.7221239459048138,0.0,8
0,1,0.690782897922812,0.0,8
1,0,0.471019048264315,0.06666666667,8
0,0,0.46158434253211306,0.0,8
1,1,0.6294285505098165,1.0,8
1,0,0.42944856182960206,0.9333333333,8
1,0,0.40274491269293367,0.8666666667,8
1,1,0.6397582169329259,1.0,8
1,1,0.5394987456308163,1.0,8
1,0,0.49829925428520816,0.6666666667,8
1,0,0.48596655511292247,1.0,8
1,1,0.6803045557103945,1.0,8
1,0,0.48419838627312667,0.6666666667,8
1,1,0.5767758723753171,0.6666666667,8
1,1,0.7106903546699148,0.8,8
1,0,0.31874999620570926,0.6,8
1,1,0.5899246490098723,0.3333333333,8
1,1,0.5068541456550474,0.7333333333,8
1,1,0.6330295102577166,0.8,8
1,1,0.7578732048737583,0.9333333333,8
1,1,0.6250593928564098,0.8,8
1,1,0.6559687326331641,0.6,8
1,0,0.37150485082253976,0.8,8
1,1,0.6478891454470788,1.0,8
1,1,0.6404229328583705,0.1333333333,8
1,1,0.5288614153475119,0.3333333333,8
1,1,0.7123637503095879,0.06666666667,8
1,1,0.5892390720670816,0.06666666667,8
0,1,0.5718539147637908,0.0,8
1,1,0.6419782469582439,0.06666666667,8
0,0,0.44576464540000005,0.0,8
1,0,0.47232166321697433,0.1333333333,8
1,0,0.3113311460469108,0.06666666667,8
1,0,0.2750362711813915,0.1333333333,8
0,0,0.3809149509979733,0.0,8
0,1,0.5744433282945981,0.0,8
0,0,0.37453343004984246,0.0,8
1,1,0.8092145053950844,0.1333333333,8
1,0,0.4629050248763931,0.06666666667,8
1,0,0.47714394078250666,0.1333333333,8
0,1,0.5450726512080938,0.0,8
1,1,0.5590761020907669,0.2,8
0,1,0.6388451096871531,0.0,8
1,0,0.4125028980514868,0.06666666667,8
0,0,0.46672693915504165,0.0,8
0,1,0.6319529779793047,0.0,8
1,1,0.5807089807986907,0.1333333333,8
0,0,0.3682072602627789,0.0,8
0,0,0.41837992096724763,0.0,8
1,0,0.35661317983979574,0.06666666667,8
0,1,0.5163987892015812,0.0,8
0,1,0.7328395853913415,0.0,8
0,1,0.5138066425762874,0.0,8
0,1,0.5030343346578695,0.0,8
0,0,0.32595870355601214,0.0,8
0,1,0.6074294165309383,0.0,8
0,0,0.31192430750796324,0.0,8
0,0,0.38909495881654305,0.0,8
1,0,0.46232841964018695,0.06666666667,8
1,1,0.5333337401969664,0.9333333333,8
1,1,0.5261690486155453,1.0,8
1,0,0.4938149278168499,0.4666666667,8
1,0,0.4007061699788103,1.0,8
1,1,0.6267593457380485,0.5333333333,8
1,0,0.4568581291233124,0.8,8
1,1,0.6108549111671534,0.6666666667,8
1,1,0.6090792360889667,1.0,8
1,1,0.5855462195598136,0.8,8
1,1,0.6308392664890977,1.0,8
1,0,0.4271710338935636,0.9333333333,8
1,1,0.5382082233124282,0.7333333333,8
1,0,0.4518908051228764,0.4666666667,8
1,1,0.550369793766804,0.8666666667,8
1,1,0.6762921197890488,0.5333333333,8
1,1,0.5513806980823845,0.7333333333,8
1,0,0.3469344083707064,0.6,8
1,0,0.3562897135401646,0.8666666667,8
0,0,0.47098329684625706,0.0,8
1,0,0.49062107563331786,0.1333333333,8
1,1,0.6091649207635343,0.06666666667,8
0,1,0.5783551212083603,0.0,8
1,1,0.5600852400189392,0.06666666667,8
0,0,0.49075635893091146,0.0,8
1,1,0.6649836346777488,0.1333333333,8
0,1,0.7092445833193884,0.0,8
0,1,0.5722796989245247,0.0,8
1,0,0.43390343769557593,0.4,8
1,1,0.7208729065156226,0.06666666667,8
0,1,0.5294775130683039,0.0,8
0,1,0.5528928794643122,0.0,8
1,0,0.4515232090014811,0.2666666667,8
0,1,0.645985891464486,0.0,8
0,1,0.5208946297773993,0.0,8
0,1,0.5626496200284382,0.0,8
0,1,0.7228603107672649,0.0,8
0,1,0.5417591323172024,0.0,8
0,0,0.4113719011849385,0.0,8
0,1,0.6674416534526373,0.0,8
0,1,0.6744586123521836,0.0,8
1,1,0.5797967017197186,0.2,8
0,1,0.5973982806697659,0.0,8
0,0,0.47092151159961104,0.0,8
0,1,0.5001499541091237,0.0,8
1,1,0.5873917350933161,0.06666666667,8
1,1,0.6182837695954703,0.06666666667,8
0,1,0.557579065201234,0.0,8
0,1,0.6690753002673753,0.0,8
0,0,0.3380145340489105,0.0,8
1,1,0.5917729944569197,0.8,8
1,1,0.5084729788671773,0.6666666667,8
1,1,0.5201050787420345,1.0,8
1,0,0.45189945904186385,0.8,8
1,1,0.7155071781042796,1.0,8
1,1,0.614532201255355,0.9333333333,8
1,1,0.5936399397395794,0.7333333333,8
1,1,0.5397614208892819,0.6666666667,8
1,0,0.4942297651467282,0.8666666667,8
1,1,0.5066518187836517,1.0,8
1,1,0.7285568399758517,0.6,8
1,0,0.40870402569203423,0.8666666667,8
0,1,0.6467050618940038,0.0,8
1,0,0.42325310658817866,0.06666666667,8
0,1,0.6623059696373651,0.0,8
1,1,0.5268660241444655,0.06666666667,8
0,0,0.42073735498528064,0.0,8
1,1,0.5307154207324235,0.2,8
1,1,0.5775150880788025,0.1333333333,8
0,1,0.66149719117489,0.0,8
0,1,0.7200616210455109,0.0,8
0,0,0.35441298222839496,0.0,8
1,0,0.45703415029066036,0.2,8
1,1,0.8021939845518548,0.4,8
1,1,0.7176502923952266,0.06666666667,8
0,1,0.5804639872971485,0.0,8
0,1,0.6212252064062942,0.0,8
0,0,0.44633547751261504,0.0,8
0,0,0.46891522491703586,0.0,8
0,0,0.4718019571471127,0.0,8
0,0,0.39331861641927884,0.0,8
0,0,0.4570866566111556,0.0,8
0,0,0.3299962569030955,0.0,8
0,1,0.6678833273812157,0.0,8
1,1,0.5682229156905483,0.2,8
0,0,0.27008947862855764,0.0,8
0,1,0.505200021255635,0.0,8
1,1,0.5171070896410241,0.06666666667,8
1,1,0.8221611979174869,0.06666666667,8
0,1,0.7270429478047492,0.0,8
0,1,0.6483190276053641,0.0,8
0,0,0.43516280546146513,0.0,8
0,0,0.41984034242402335,0.0,8
1,1,0.6902917434892429,0.8666666667,8
1,1,0.5019440862678306,0.6,8
1,1,0.5986059859978157,0.7333333333,8
1,1,0.5309874479384589,1.0,8
1,1,0.7455443178069977,0.5333333333,8
1,1,0.6181908977076311,0.8666666667,8
1,1,0.7143783470077757,0.4666666667,8
1,1,0.5781431359062592,0.6666666667,8
1,0,0.44083604208538235,0.7333333333,8
1,1,0.619205244199872,0.9333333333,8
1,1,0.6954025460142743,1.0,8
1,1,0.5276977211216742,0.8,8
1,0,0.41215150263821965,1.0,8
1,0,0.4893480104204885,0.6666666667,8
1,1,0.6097614239862431,0.8,8
1,0,0.4204548961989104,0.5333333333,8
1,1,0.5223580020714064,1.0,8
1,1,0.5338746550835685,0.4666666667,8
1,1,0.5456354969456232,1.0,8
1,1,0.5140306314168479,0.9333333333,8
0,0,0.42148689092580205,0.0,8
0,0,0.43017046031050166,0.0,8
1,1,0.5446294671228251,0.2666666667,8
0,1,0.5017012562288414,0.0,8
0,1,0.6257890268368053,0.0,8
1,1,0.7503328237721323,0.06666666667,8
1,1,0.5350475597606793,0.4,8
1,1,0.6605008170515138,0.06666666667,8
1,1,0.7033580035901992,0.2,8
0,0,0.30173263102131664,0.0,8
1,1,0.6721098177320336,0.1333333333,8
1,1,0.5146183216260819,0.2,8
0,0,0.28839659048656546,0.0,8
1,1,0.7195188088910328,0.06666666667,8
0,1,0.5964978528110427,0.0,8
1,1,0.5802291583294007,0.06666666667,8
1,1,0.6250942690642407,0.1333333333,8
0,1,0.6506881573950359,0.0,8
0,1,0.602127656471325,0.0,8
0,1,0.5367924361285756,0.0,8
0,1,0.5328392171764723,0.0,8
0,1,0.6292216690250835,0.0,8
1,1,0.7587038387056276,0.06666666667,8
1,0,0.24706474901425884,0.06666666667,8
0,0,0.2951647067752877,0.0,8
0,0,0.3272568579358929,0.0,8
0,1,0.6173386437564381,0.0,8
1,1,0.6522139844273117,0.2,8
0,1,0.7666788907640886,0.0,8
0,1,0.5166611638994689,0.0,8
0,0,0.35475382249226495,0.0,8
0,0,0.30722511444048817,0.0,8
0,1,0.5121775858712355,0.0,8
0,1,0.621005597286914,0.0,8
0,0,0.32608911523195194,0.0,8
0,0,0.38060552988764274,0.0,8
0,1,0.567529563969788,0.0,8
0,1,0.5363781232817708,0.0,8
1,0,0.42299625506884375,0.8,8
1,0,0.3041966206863156,0.9,8
1,0,0.2894968762921836,0.4,8
1,0,0.3222348409652915,0.4,8
1,0,0.33310175044226115,0.3,8
1,0,0.4793795542033704,0.4,8
1,1,0.5337206674196092,0.5,8
1,1,0.6793035328191539,0.9,8
1,1,0.5279942556361027,0.1,8
1,0,0.34690181614503035,0.2,8
1,1,0.5788968424660559,0.6,8
1,1,0.638259910469212,0.7,8
0,1,0.5232920947137553,0.0,8
1,1,0.5825135146680306,1.0,8
1,1,0.6421714980897212,0.1,8
1,0,0.4435869266158471,0.1,8
0,0,0.4101624062360632,0.0,8
1,1,0.5222692992985434,0.6,8
1,1,0.5637917010848291,0.7,8
1,0,0.43604786571402276,0.5,8
1,0,0.46145284732217856,0.9,8
1,0,0.47398749504392035,0.3,8
1,1,0.5158643231792123,0.2,8
1,0,0.34146419171022363,0.1,8
1,1,0.542379372834816,0.9,8
1,1,0.6462592780098422,0.7,8
1,0,0.47702052106942844,0.9,8
1,0,0.3693667027176427,0.8,8
1,1,0.582435796468017,0.2,8
1,0,0.4028826329478598,0.1,8
0,1,0.605385094497522,0.0,8
0,0,0.4416487958311394,0.0,8
1,0,0.4573259134465893,0.2,8
0,0,0.30286683353428356,0.0,8
0,1,0.5086273900412708,0.0,8
1,0,0.42566864620020106,0.2,8
0,1,0.5671259186316788,0.0,8
0,0,0.42795194984613305,0.0,8
1,1,0.5523334263198582,0.5,8
1,0,0.42034948506508296,0.3,8
0,1,0.5036184179914582,0.0,8
0,0,0.4598773147665306,0.0,8
0,1,0.6043206082011656,0.0,8
0,1,0.522020993752407,0.0,8
1,1,0.5034820736814056,0.1,8
0,0,0.4625379964707966,0.0,8
1,0,0.4836117252114588,0.1,8
0,1,0.5656797775649647,0.0,8
1,1,0.5194192900320423,0.2,8
0,1,0.7155932472323382,0.0,8
1,0,0.44139027700412153,0.1,8
0,1,0.7232532282802263,0.0,8
1,0,0.31776807606150925,0.2,8
1,1,0.6191241379827573,0.1,8
0,1,0.5835891336668811,0.0,8
0,1,0.5239130052353974,0.0,8
0,1,0.6001477814772097,0.0,8
0,0,0.49546252242126326,0.0,8
0,0,0.41679072821670693,0.0,8
0,1,0.7147500962838492,0.0,8
0,0,0.43576419920279574,0.0,8
0,0,0.4874984045689049,0.0,8
0,0,0.1972587913699391,0.0,8
0,0,0.34210396975724894,0.0,8
0,0,0.43046519953442625,0.0,8
0,1,0.5034538610528647,0.0,8
0,0,0.4668290597595098,0.0,8
0,0,0.31885714463460774,0.0,8
0,0,0.35712626374954104,0.0,8
0,0,0.3341475088364509,0.0,8
0,1,0.5783611484608149,0.0,8
0,0,0.4867460272944844,0.0,8
0,0,0.36225446673357725,0.0,8
0,0,0.4110988102182863,0.0,8
0,0,0.49105547390669896,0.0,8
0,1,0.517691244974414,0.0,8
0,1,0.5121842199443735,0.0,8
0,0,0.2821131067961539,0.0,8
0,0,0.3445109877352449,0.0,8
0,0,0.290484062008162,0.0,8
0,0,0.2798876704568026,0.0,8
0,1,0.5431730976526657,0.0,8
0,1,0.5594939843811316,0.0,8
0,0,0.28055905100433665,0.0,8
0,1,0.6731964021298537,0.0,8
0,0,0.4276688719943609,0.0,8
0,0,0.32335280825864243,0.0,8
0,0,0.4201561311956949,0.0,8
1,1,0.5421598174416493,0.5,8
1,0,0.3618633715540977,0.9,8
1,0,0.3956278723250422,0.3,8
1,0,0.31820888174196893,0.1,8
0,0,0.4752979186685773,0.0,8
1,1,0.6074960301234152,0.7,8
1,0,0.39455017546723253,0.1,8
0,0,0.32902381991027474,0.0,8
1,1,0.5095093274581528,1.0,8
0,1,0.5632118388667864,0.0,8
1,0,0.449625625513987,0.1,8
1,0,0.45091550953042403,0.1,8
1,1,0.6248267883726369,1.0,8
1,0,0.40786178678904605,0.9,8
1,1,0.5117894394813379,0.2,8
1,0,0.46812482296225727,0.8,8
0,0,0.4198020851899036,0.0,8
1,1,0.5360728827161043,0.8,8
0,0,0.4713215256542252,0.0,8
1,1,0.5206477522282892,0.8,8
0,1,0.5407690911412968,0.0,8
1,1,0.569855716060164,0.6,8
1,0,0.43303148560699417,0.7,8
0,1,0.5236501478802837,0.0,8
1,0,0.4356477054578854,0.1,8
1,0,0.3331029499723885,0.5,8
0,0,0.39027346166262683,0.0,8
1,1,0.5608051776466076,0.5,8
1,1,0.6259972270253449,0.3,8
1,1,0.6458924182479704,0.2,8
0,1,0.5438824242233086,0.0,8
1,0,0.348165733824856,0.1,8
1,0,0.38801503260941694,0.5,8
0,0,0.38357833338692116,0.0,8
0,0,0.37495076523607584,0.0,8
1,0,0.47067592102950306,0.2,8
1,1,0.5526356679868908,0.1,8
1,0,0.49404477569317784,0.2,8
1,0,0.48266017730569055,0.5,8
0,0,0.4594817855832001,0.0,8
0,1,0.7432485491343601,0.0,8
1,0,0.4681981766203606,0.1,8
1,1,0.5047153889488952,0.1,8
0,0,0.33997966508180527,0.0,8
1,0,0.3568902963254313,0.5,8
0,0,0.43183747406589235,0.0,8
0,1,0.6825510724232945,0.0,8
0,0,0.3609839688093516,0.0,8
1,0,0.46735293692838453,0.5,8
0,1,0.606747179377211,0.0,8
1,1,0.5771547925754967,0.1,8
1,0,0.43339936208527885,0.4,8
1,1,0.6336147357902923,0.2,8
1,1,0.5948889841915967,0.2,8
0,0,0.44646998716683167,0.0,8
1,1,0.6968173334245124,0.1,8
1,0,0.48355252472985133,0.3,8
1,0,0.40392134832328486,0.1,8
1,0,0.4269061939748466,0.2,8
1,0,0.34421256029681624,0.1,8
0,0,0.4657248583334227,0.0,8
0,1,0.5270321425955005,0.0,8
0,0,0.4691802945993266,0.0,8
0,1,0.510653736325393,0.0,8
0,0,0.4909587908907434,0.0,8
0,0,0.46650558632612255,0.0,8
0,0,0.4440517151901134,0.0,8
0,1,0.6093359711929255,0.0,8
0,1,0.5385217048561267,0.0,8
0,1,0.5167179617844669,0.0,8
0,0,0.4673868424554796,0.0,8
0,0,0.3664648375830993,0.0,8
0,0,0.4298383541415191,0.0,8
0,0,0.3947730170217048,0.0,8
0,1,0.5345354509248592,0.0,8
0,0,0.39670386142990394,0.0,8
0,1,0.5141955215977939,0.0,8
0,0,0.3076209885285472,0.0,8
0,0,0.47059603714851866,0.0,8
0,0,0.24577764286273426,0.0,8
0,0,0.47405029839819085,0.0,8
0,0,0.47545316454261394,0.0,8
0,0,0.3831281361453279,0.0,8
0,0,0.4058628954444426,0.0,8
0,1,0.6201091104946284,0.0,8
0,1,0.5345839614027925,0.0,8
0,0,0.43158880922329496,0.0,8
0,1,0.5029589210633195,0.0,8
0,0,0.45455107678714923,0.0,8
0,0,0.38348597342430185,0.0,8
0,0,0.4828282472575758,0.0,8
1,0,0.4911607829342505,0.8,8
1,0,0.37477089579768696,0.9,8
1,0,0.3330731955458479,0.4,8
1,0,0.4298290147672673,0.4,8
1,0,0.46714673894722636,0.3,8
1,0,0.34914643111217414,0.4,8
1,1,0.5443533886982007,0.5,8
1,1,0.6548341203390904,0.9,8
1,1,0.5020706411560184,0.1,8
1,1,0.580417124397463,0.2,8
1,1,0.7451071120400303,0.6,8
1,0,0.4101822996976967,0.7,8
0,0,0.49953420010573796,0.0,8
1,1,0.5916423750224269,1.0,8
1,0,0.4167852305629468,0.1,8
1,1,0.5304264582431867,0.1,8
0,0,0.47559042014313896,0.0,8
1,1,0.6607689509745311,0.6,8
1,1,0.5631003778674067,0.7,8
1,0,0.46148771689637547,0.5,8
1,1,0.6560165675222511,0.9,8
1,1,0.682077355102698,0.3,8
1,0,0.3933985636992571,0.2,8
1,0,0.45384384605544903,0.1,8
1,1,0.5033751796042352,0.9,8
1,0,0.4095502984306541,0.7,8
1,1,0.6240281794360264,0.9,8
1,1,0.5714576445483548,0.8,8
1,0,0.3650462889679691,0.2,8
1,0,0.37987678577457534,0.1,8
0,0,0.45585134353602463,0.0,8
0,0,0.3555961271137084,0.0,8
1,0,0.4772507553108219,0.2,8
0,1,0.6261282667196177,0.0,8
0,0,0.43495864328130024,0.0,8
1,1,0.5476340099515536,0.2,8
0,0,0.35408383170214336,0.0,8
0,1,0.5287559674103842,0.0,8
0,0,0.22533237079233295,0.0,8
1,1,0.5043654119274213,0.5,8
1,0,0.42318574945391163,0.3,8
0,0,0.46183782819136404,0.0,8
0,1,0.7149499097424432,0.0,8
0,0,0.3925802054540016,0.0,8
1,1,0.5867615347882301,0.1,8
0,0,0.45754342872793935,0.0,8
1,0,0.36090494005959156,0.1,8
0,0,0.24542033503956504,0.0,8
1,0,0.4716676253621051,0.2,8
0,1,0.5522548573950716,0.0,8
1,1,0.7582337748386665,0.1,8
0,0,0.44392183855888157,0.0,8
1,0,0.350933673919315,0.2,8
1,0,0.4123753296662573,0.1,8
0,1,0.5428722425481336,0.0,8
0,0,0.3701062729579329,0.0,8
0,0,0.34390449614636454,0.0,8
0,1,0.5479253137707811,0.0,8
0,1,0.5207496521131519,0.0,8
0,0,0.350441377833195,0.0,8
0,0,0.4571886892673106,0.0,8
0,0,0.38500648033719387,0.0,8
0,0,0.4799384258467891,0.0,8
0,0,0.2641370154822228,0.0,8
0,0,0.3558301206520218,0.0,8
0,0,0.3585975020734339,0.0,8
0,1,0.6118241151812316,0.0,8
0,0,0.21043854517248917,0.0,8
0,0,0.3930192233370139,0.0,8
0,0,0.3573391940107657,0.0,8
0,1,0.7734253319838507,0.0,8
0,0,0.4217747365506997,0.0,8
0,0,0.4154687536019821,0.0,8
0,0,0.3995428172073447,0.0,8
0,0,0.33710704985860596,0.0,8
0,0,0.3618530803638724,0.0,8
0,1,0.6139129931693031,0.0,8
0,1,0.511125043647315,0.0,8
0,0,0.33889704118168473,0.0,8
0,0,0.4809105843355274,0.0,8
0,1,0.576825292642881,0.0,8
0,1,0.7053979375310285,0.0,8
0,0,0.3400967057788563,0.0,8
0,0,0.45682996584368285,0.0,8
0,1,0.6218665331025791,0.0,8
0,1,0.5388168682600586,0.0,8
0,1,0.5887243747558795,0.0,8
0,1,0.5535362352838554,0.0,8
1,0,0.46233627632320196,0.5,8
1,1,0.5807296629514888,0.9,8
1,1,0.53786875830443,0.3,8
1,0,0.45957728029105377,0.1,8
0,0,0.4992815123001323,0.0,8
1,1,0.5486354278716682,0.7,8
1,0,0.4439510853483707,0.1,8
0,1,0.5004691786701232,0.0,8
1,1,0.6451978476580436,1.0,8
0,0,0.4399114071025039,0.0,8
1,1,0.5573881211474448,0.1,8
1,0,0.3862683777269503,0.1,8
1,1,0.5664871823835846,1.0,8
1,1,0.5779080245340981,0.9,8
1,1,0.5093170430771857,0.2,8
1,1,0.6260300612871359,0.8,8
0,1,0.5575258531012774,0.0,8
1,1,0.5612916430901125,0.8,8
0,0,0.44552414250016475,0.0,8
1,1,0.7203916425976541,0.8,8
0,0,0.4594966384524002,0.0,8
1,0,0.49831459910680403,0.6,8
1,0,0.2847321627140728,0.7,8
0,1,0.5939457547626449,0.0,8
1,0,0.46843357151940396,0.1,8
1,1,0.659597208893784,0.5,8
0,1,0.5583369062803114,0.0,8
1,1,0.580342295733032,0.5,8
1,1,0.6670107099278004,0.3,8
1,1,0.6067058421592417,0.2,8
0,0,0.4552688573672404,0.0,8
1,1,0.6907169145111612,0.1,8
1,1,0.5717499422524177,0.5,8
0,1,0.5645517893282238,0.0,8
0,1,0.6136335009822083,0.0,8
1,1,0.5789436361708079,0.2,8
1,0,0.4497850222247695,0.1,8
1,1,0.5395520481548742,0.2,8
1,0,0.43090561873902006,0.5,8
0,1,0.5847239428116885,0.0,8
0,0,0.4781739242078184,0.0,8
1,0,0.4771245170714872,0.1,8
1,1,0.6427626208274184,0.1,8
0,0,0.4191433180487467,0.0,8
1,0,0.32392393213475357,0.5,8
0,1,0.5768241424927011,0.0,8
0,0,0.27379002141158876,0.0,8
0,1,0.5724312238271454,0.0,8
1,0,0.4531950147760154,0.5,8
0,1,0.5236667950117329,0.0,8
1,1,0.5709211009751307,0.1,8
1,1,0.6371490609901733,0.4,8
1,1,0.569302720143012,0.2,8
1,1,0.5648575864914993,0.2,8
0,0,0.38610950069886135,0.0,8
1,1,0.6380668821471245,0.1,8
1,0,0.452648652048355,0.3,8
1,0,0.29260070595759324,0.1,8
1,0,0.4588941152693699,0.2,8
1,1,0.5735524779417109,0.1,8
0,0,0.48191770845270754,0.0,8
0,0,0.4388325015961395,0.0,8
0,0,0.3557009579196274,0.0,8
0,1,0.5972491286725288,0.0,8
0,1,0.5627340683746036,0.0,8
0,1,0.5628600915336521,0.0,8
0,0,0.37764128790956375,0.0,8
0,0,0.4903368256412911,0.0,8
0,0,0.4049402590055131,0.0,8
0,1,0.5694114936671826,0.0,8
0,0,0.4623405551748444,0.0,8
0,0,0.36418798165041405,0.0,8
0,0,0.3848718734845344,0.0,8
0,1,0.5499241987899615,0.0,8
0,0,0.4269254292507905,0.0,8
0,0,0.36722551495497885,0.0,8
0,0,0.4016500681844168,0.0,8
0,0,0.46164677735573684,0.0,8
0,0,0.3666102551732075,0.0,8
0,0,0.3146612236151764,0.0,8
0,1,0.6234175036188412,0.0,8
0,1,0.5491240200732539,0.0,8
0,0,0.3442664645913202,0.0,8
0,0,0.4242424746111161,0.0,8
0,1,0.6064126903461866,0.0,8
0,1,0.5003277732805863,0.0,8
0,0,0.4629162189220118,0.0,8
0,0,0.41976636363973224,0.0,8
0,0,0.4782467769697767,0.0,8
0,0,0.4077313928731642,0.0,8
1,1,0.6378598350353725,0.92,8
1,1,0.6723159564933199,0.5,8
1,1,0.6271236644934558,0.92,8
1,1,0.7602606239638464,0.5,8
1,0,0.4394327947578446,0.25,8
1,1,0.6990020532084165,0.42,8
1,1,0.6135630900618129,0.42,8
1,0,0.43474271445633245,1.0,8
1,0,0.49502042743242386,0.58,8
1,0,0.4347401948746586,0.25,8
1,1,0.643427005395363,0.5,8
1,1,0.5993379654419813,1.0,8
1,1,0.8189677493453587,1.0,8
1,0,0.45818132782993676,0.33,8
1,1,0.501273509296724,1.0,8
1,0,0.4463037070814698,0.58,8
1,1,0.6398928752121148,0.5,8
1,0,0.34858267669499593,1.0,8
1,1,0.7161222211251683,0.75,8
1,1,0.531351652146787,0.42,8
1,1,0.7766292291659299,0.92,8
1,1,0.553688515451132,0.92,8
1,1,0.7360040889857635,0.75,8
1,1,0.7060884251743967,0.33,8
1,1,0.5840844768748708,0.5,8
1,0,0.49381299304799664,0.42,8
1,1,0.5263501267919598,0.5,8
1,0,0.43364019420011857,0.83,8
1,1,0.6042138397802016,0.83,8
1,1,0.5880024476623877,0.42,8
1,0,0.46696669357028786,0.25,8
1,0,0.3517840035423567,0.75,8
1,1,0.6891081695044153,0.58,8
1,1,0.7535907055921174,0.67,8
1,0,0.47047858418333455,0.92,8
1,1,0.8169363533433841,0.5,8
1,1,0.6076977768058208,0.75,8
1,1,0.6768651654290951,0.75,8
1,0,0.35476912258168036,0.67,8
1,1,0.6605833373093816,0.92,8
1,1,0.716096808977244,0.41,8
1,0,0.3352837974147434,0.33,8
1,1,0.660507976931006,0.75,8
1,0,0.38251450792244723,0.5,8
1,1,0.5257780138121066,0.58,8
1,1,0.7893066005327605,0.25,8
1,0,0.49038565503122405,0.58,8
1,1,0.599733028440451,0.5,8
1,1,0.500062471170442,0.17,8
1,1,0.8178332111606985,1.0,8
1,1,0.6930809382200588,0.83,8
1,1,0.5503500840195397,0.5,8
1,0,0.48184299870252095,0.75,8
1,1,0.7268808232645356,0.92,8
0,1,0.5258086545055306,0.0,8
0,1,0.660322855722406,0.0,8
0,1,0.6691807222037507,0.0,8
0,0,0.2885112194037256,0.0,8
0,0,0.45302548376580254,0.0,8
0,0,0.4842485415043119,0.0,8
0,1,0.5530486959727969,0.0,8
0,0,0.41106303878363,0.0,8
0,1,0.5444537681065607,0.0,8
0,1,0.5927974111031329,0.0,8
0,1,0.5582373262169573,0.0,8
0,1,0.592305548929744,0.0,8
0,1,0.5085914670942665,0.0,8
0,1,0.5706936157465626,0.0,8
0,1,0.5308947922175863,0.0,8
1,1,0.5033154754470056,0.08,8
0,0,0.4832603152450711,0.0,8
1,1,0.5054118239600783,0.08,8
0,1,0.551106964393982,0.0,8
0,1,0.6453041765626076,0.0,8
0,0,0.26546472022760903,0.0,8
0,0,0.4484943820589067,0.0,8
0,1,0.5724570906946296,0.0,8
1,0,0.3753496033200138,0.08,8
1,1,0.6585240502052524,0.08,8
0,1,0.5223595605259191,0.0,8
0,0,0.34034102576112185,0.0,8
1,0,0.4083833064251415,0.08,8
0,1,0.6076377320184946,0.0,8
0,0,0.3992290542767054,0.0,8
0,0,0.4589194094689487,0.0,8
0,1,0.6155311504738583,0.0,8
0,1,0.544828583359809,0.0,8
0,0,0.43063783666102795,0.0,8
0,0,0.4906556710278349,0.0,8
0,1,0.6671416686038892,0.0,8
0,1,0.7160320580646276,0.0,8
1,1,0.576445231435087,0.17,8
1,0,0.4820055408469314,0.08,8
0,0,0.4515129349923892,0.0,8
0,0,0.4223503314546539,0.0,8
0,1,0.535912746568325,0.0,8
0,0,0.3395786182963437,0.0,8
0,0,0.48686373553088413,0.0,8
0,0,0.4740322768338383,0.0,8
0,1,0.553124162433885,0.0,8
0,1,0.7197243087688456,0.0,8
0,0,0.35966489397246953,0.0,8
0,0,0.2799167754388079,0.0,8
1,1,0.5189446526341736,0.5,8
1,0,0.4983252785190846,0.75,8
1,1,0.5578193342333118,0.92,8
1,0,0.36552602242162235,1.0,8
1,0,0.419127942634508,1.0,8
1,0,0.48741448831422174,0.58,8
1,1,0.6764542262758242,0.5,8
1,1,0.7522698560005706,0.75,8
1,1,0.592746516010609,0.5,8
1,0,0.31480049572943947,0.58,8
1,0,0.4532104609168432,0.92,8
1,1,0.5671701781509592,1.0,8
1,0,0.2996512267622096,0.58,8
1,0,0.33479862244910547,0.5,8
1,1,0.7144874636171447,0.75,8
1,0,0.4995664026049784,0.75,8
1,0,0.4914633281569176,0.58,8
1,1,0.5485857172659508,0.83,8
1,1,0.6715874709586075,0.58,8
1,1,0.5187177468502082,1.0,8
1,1,0.5764318581833426,0.58,8
1,1,0.5922957384335853,0.92,8
1,1,0.5104654191435388,1.0,8
1,1,0.58269297063442,0.25,8
1,1,0.60758016357875,0.83,8
1,1,0.5633941498937246,0.17,8
1,1,0.5049461899693988,0.83,8
1,1,0.5127631840644064,0.83,8
1,0,0.4425040743281127,0.67,8
1,1,0.551702938366182,0.42,8
1,1,0.5194739618903443,0.67,8
1,1,0.68723817143398,0.42,8
1,1,0.5822367605796771,0.67,8
1,0,0.3795944280917852,0.5,8
1,1,0.6711038291933317,0.83,8
1,0,0.38850382298869146,0.5,8
1,0,0.4973896702446353,0.75,8
1,1,0.5414565734085849,0.58,8
1,1,0.5169687577549397,0.58,8
1,1,0.5375957829403024,0.75,8
1,0,0.4185743480174981,0.5,8
1,0,0.4519965153028247,0.92,8
1,1,0.5179728181596893,0.33,8
1,1,0.5936422038779322,1.0,8
1,1,0.5765385170486498,0.42,8
1,1,0.6553295255249372,0.83,8
1,1,0.599164479087539,0.75,8
1,1,0.6024362679771335,0.92,8
1,0,0.39456910861021144,0.58,8
0,0,0.4944985174306779,0.0,8
0,0,0.3140199867103353,0.0,8
0,0,0.4649179016201857,0.0,8
0,0,0.2167901549509787,0.0,8
0,0,0.4088868042430648,0.0,8
1,1,0.6241716720184507,0.08,8
0,1,0.5307819387599114,0.0,8
0,1,0.5937898676481539,0.0,8
0,1,0.6366895617267582,0.0,8
0,0,0.28338567460152114,0.0,8
0,1,0.6510550814615751,0.0,8
0,1,0.5428717961156969,0.0,8
0,0,0.33617514463166914,0.0,8
0,0,0.37130058418160805,0.0,8
0,1,0.5496306814435479,0.0,8
0,1,0.6879980076498995,0.0,8
0,0,0.36680993268309603,0.0,8
0,0,0.3062377586202915,0.0,8
0,0,0.4497999287199319,0.0,8
0,0,0.39294978814874437,0.0,8
0,1,0.7412265040126401,0.0,8
0,0,0.4778008496588521,0.0,8
0,0,0.43458327364925675,0.0,8
0,0,0.4974373868486935,0.0,8
0,1,0.656056683355708,0.0,8
0,1,0.6696627969830976,0.0,8
0,1,0.5216330624985328,0.0,8
0,1,0.5171662418974865,0.0,8
0,1,0.5784910197442593,0.0,8
0,0,0.47152158433075125,0.0,8
1,1,0.6647657628965778,0.08,8
0,1,0.5483422573300133,0.0,8
0,1,0.5683270404596144,0.0,8
0,0,0.34085298677846826,0.0,8
0,0,0.3999063395613629,0.0,8
0,0,0.46642884837101517,0.0,8
0,1,0.5657903038230434,0.0,8
0,0,0.4446562840991021,0.0,8
0,0,0.36455012374601803,0.0,8
0,0,0.3373934347342552,0.0,8
0,0,0.4289233227464595,0.0,8
0,1,0.5143980595946518,0.0,8
0,0,0.31743437283759296,0.0,8
0,0,0.40990616153932974,0.0,8
0,0,0.3462278938687577,0.0,8
0,0,0.40517714620091977,0.0,8
1,0,0.2205877713502042,0.08,8
0,1,0.5084434167791927,0.0,8
0,1,0.674796020858328,0.0,8
1,1,0.5828243771886333,0.67,8
1,1,0.5041948999301535,1.0,8
1,1,0.523282822164666,0.33,8
1,1,0.8047075187326901,0.75,8
1,1,0.7166082569764596,0.42,8
1,1,0.5472897662112819,0.92,8
1,1,0.6407546756532895,0.75,8
1,0,0.4519967571851124,0.67,8
1,1,0.714450210412119,0.58,8
1,0,0.491167833089717,0.17,8
1,1,0.7282341224522489,0.33,8
1,1,0.5040482529013313,0.58,8
1,1,0.5272394135278301,0.5,8
1,0,0.4051255277662633,0.5,8
1,0,0.43817626198571885,0.58,8
1,1,0.698204698780819,0.92,8
1,1,0.6860295575775144,0.5,8
1,1,0.7027631540302345,0.5,8
1,1,0.5823191259539985,0.42,8
1,0,0.48523194687336835,1.0,8
1,1,0.583066426824682,0.5,8
1,0,0.35625526835713706,0.25,8
1,0,0.47059739788980753,0.58,8
1,1,0.6333777675054383,0.67,8
1,0,0.48924291342191617,0.92,8
1,0,0.3353450642593684,0.92,8
1,1,0.5340052862898345,0.42,8
1,1,0.5133600669360553,0.25,8
1,1,0.6076653116647807,0.67,8
1,1,0.6438332725443898,0.83,8
1,1,0.633373317951645,1.0,8
1,1,0.522050046670041,0.58,8
1,0,0.3486485862840214,0.5,8
1,1,0.7067201780741785,0.58,8
1,1,0.5865195712645265,0.67,8
1,0,0.36313231959240155,1.0,8
1,0,0.38130045123665857,1.0,8
1,1,0.7252875662308766,0.67,8
1,1,0.6133157306347929,0.5,8
1,1,0.5446515895470779,1.0,8
1,1,0.582112999960668,0.75,8
1,1,0.5635128796515166,0.58,8
1,1,0.5404628290096816,0.92,8
1,0,0.39529685402411663,0.67,8
1,0,0.47131219124787466,0.83,8
1,1,0.6248968250455929,0.67,8
1,1,0.6917438686128977,0.58,8
1,0,0.4595331191473924,0.83,8
1,1,0.5710567940992767,0.58,8
1,1,0.7790806965004065,0.75,8
1,1,0.609336639834428,0.92,8
1,1,0.6062055936755816,0.67,8
0,1,0.5479747348056068,0.0,8
0,1,0.5288525161452949,0.0,8
0,0,0.489261591343969,0.0,8
0,1,0.697134562681631,0.0,8
0,0,0.30423859807604653,0.0,8
0,0,0.3511137417388881,0.0,8
0,1,0.5854466352056772,0.0,8
0,0,0.44597105428907813,0.0,8
0,0,0.49125027237480684,0.0,8
1,0,0.37371067834710014,0.08,8
0,1,0.6677866727276854,0.0,8
1,0,0.4831982267382101,0.08,8
0,0,0.30668229247334516,0.0,8
0,0,0.4472489415889349,0.0,8
0,1,0.6993850032274296,0.0,8
0,1,0.6159822323070719,0.0,8
0,0,0.3896994426379346,0.0,8
0,0,0.45703469802072605,0.0,8
0,0,0.3324000552914662,0.0,8
0,0,0.3956880453703566,0.0,8
0,1,0.5527581439171929,0.0,8
0,1,0.5228082472926194,0.0,8
0,0,0.4742150914126181,0.0,8
0,1,0.5670325679266065,0.0,8
0,0,0.3465180239387115,0.0,8
0,0,0.3162402177433757,0.0,8
0,0,0.32362650832958384,0.0,8
0,0,0.3037524169539672,0.0,8
0,1,0.6653216207866504,0.0,8
0,0,0.4290630100292691,0.0,8
0,1,0.539911395361501,0.0,8
0,0,0.48583823016825783,0.0,8
0,0,0.44628207382045304,0.0,8
0,0,0.49627102728699785,0.0,8
0,0,0.40042592219192963,0.0,8
0,0,0.3764737302052889,0.0,8
0,1,0.6525822943188759,0.0,8
0,0,0.48526060839989565,0.0,8
0,0,0.4562111852879352,0.0,8
0,0,0.2760600134825191,0.0,8
0,0,0.35444025926965145,0.0,8
1,0,0.3418410241622702,0.08,8
0,0,0.4719414730803599,0.0,8
0,0,0.4178575094500837,0.0,8
0,0,0.3048568659854485,0.0,8
0,0,0.37577756261004924,0.0,8
0,1,0.5042116901463192,0.0,8
0,1,0.5170026543268978,0.0,8
1,0,0.35271509341568646,0.08,8
0,0,0.2275978599222243,0.0,8
0,0,0.26195839214564953,0.0,8
1,1,0.6541347828964433,1.0,8
1,1,0.6778766000437497,0.42,8
1,1,0.6848927267567239,0.67,8
1,1,0.6912015048918899,0.92,8
1,1,0.5993244286531505,0.92,8
1,1,0.6356476805192793,1.0,8
1,1,0.6399866746461206,0.67,8
1,1,0.7778937329067867,0.67,8
1,1,0.7135092368652386,0.67,8
1,1,0.7857054409687652,0.92,8
1,1,0.6514952088638313,0.75,8
1,0,0.43144365716045624,0.67,8
1,1,0.5379635297092568,0.58,8
1,0,0.3524167992610397,0.58,8
1,0,0.4277577533227199,0.58,8
1,1,0.5404604872772039,0.33,8
1,0,0.42955472375443715,0.58,8
1,0,0.4679116956842375,0.58,8
1,1,0.5753034240759209,0.92,8
1,0,0.45850712034000757,0.83,8
1,0,0.4867798199029335,0.5,8
1,0,0.30452715531375163,0.42,8
1,1,0.5009520414910617,0.67,8
1,1,0.7012183020034128,0.83,8
1,1,0.6616727737476135,0.83,8
1,1,0.6689203499738228,0.83,8
1,1,0.6326343904841215,1.0,8
1,1,0.6241436143726034,0.67,8
1,1,0.6949670544072069,0.25,8
1,0,0.4349036265058019,0.42,8
1,1,0.7139413082306397,0.42,8
1,0,0.3995185726196503,0.25,8
1,0,0.44326398120939203,0.92,8
1,1,0.7923290216585461,1.0,8
1,1,0.8209564957097673,1.0,8
1,1,0.7775588904378742,0.33,8
1,0,0.4600361329886106,0.5,8
1,1,0.5817551265970348,0.83,8
1,0,0.4028314171154281,0.25,8
1,1,0.6420169878601272,0.67,8
1,0,0.4094387094845579,0.75,8
1,1,0.6928011823529059,1.0,8
1,0,0.3565440587660178,0.33,8
1,0,0.4960062378584424,0.58,8
1,1,0.6024578952641616,0.75,8
1,1,0.6774799728271284,0.25,8
1,1,0.6502473838129056,0.92,8
1,1,0.7763657675509736,0.25,8
1,1,0.5223634853612574,0.67,8
1,1,0.5016124737478521,0.75,8
1,1,0.7085195357905456,0.92,8
1,1,0.8577477811169636,0.42,8
1,1,0.6911709104416325,0.75,8
1,1,0.5783827658207703,0.25,8
1,1,0.5899568582018441,0.75,8
1,0,0.3700203678607772,0.75,8
1,0,0.47117177978281377,0.75,8
1,1,0.5472408232220399,0.5,8
0,0,0.3052039499977428,0.0,8
0,1,0.5874654320792294,0.0,8
1,0,0.4794179064087868,0.08,8
0,0,0.2718711650014896,0.0,8
0,1,0.6112246537307998,0.0,8
0,0,0.3618274015838996,0.0,8
1,0,0.2762232116720698,0.17,8
0,1,0.5897436747026308,0.0,8
0,0,0.1748873977793816,0.0,8
0,0,0.34385762561617456,0.0,8
0,1,0.6265161392981033,0.0,8
0,0,0.3929054514529118,0.0,8
0,1,0.5014611953756163,0.0,8
0,1,0.6350594533600299,0.0,8
0,1,0.7016891545663494,0.0,8
0,0,0.36399963487340964,0.0,8
0,1,0.5479578943894262,0.0,8
0,0,0.47479842169264863,0.0,8
0,1,0.6318927187319829,0.0,8
0,0,0.4226604387171349,0.0,8
0,0,0.493611444949526,0.0,8
1,0,0.34173810478834393,0.08,8
0,1,0.7154635379897804,0.0,8
0,1,0.6232503898054945,0.0,8
0,0,0.46313805733117147,0.0,8
0,0,0.46078585363560604,0.0,8
0,1,0.835321271046639,0.0,8
0,1,0.5794755877494234,0.0,8
0,0,0.2700167284537593,0.0,8
0,0,0.28922529796816593,0.0,8
0,0,0.29156164854772887,0.0,8
0,1,0.648475007923013,0.0,8
0,0,0.3269576542846462,0.0,8
0,0,0.3716149520502516,0.0,8
0,1,0.6521834136240653,0.0,8
0,0,0.33842587416962994,0.0,8
0,1,0.5503472449826842,0.0,8
0,0,0.22901813542650523,0.0,8
0,0,0.3746481660480401,0.0,8
1,0,0.32848761119530673,0.08,8
0,1,0.5392868269084071,0.0,8
0,0,0.3210963395290377,0.0,8
0,0,0.3188659567254816,0.0,8
0,0,0.28048246325626525,0.0,8
0,1,0.5225348169498959,0.0,8
0,1,0.6800578558427509,0.0,8
0,0,0.45781968054817956,0.0,8
0,0,0.4745589870778284,0.0,8
0,0,0.43213748229687254,0.0,8
0,1,0.6777867920217077,0.0,8
0,0,0.37274404953312446,0.0,8
1,1,0.5910082879597964,0.08,8
1,0,0.4871564410153232,0.08,8
0,0,0.34812278602022123,0.0,8
0,1,0.6466936261265434,0.0,8
0,1,0.768696281296576,0.0,8
0,1,0.5021747750607296,0.0,8
1,1,0.5581828773990701,0.83,8
1,1,0.6375311903376772,1.0,8
1,1,0.7135282664239183,0.92,8
1,1,0.6007023303196101,0.58,8
1,1,0.6364928786147988,1.0,8
1,1,0.5569594077883228,0.83,8
1,1,0.6468533456517086,0.5,8
1,1,0.6006327162496908,0.75,8
1,1,0.7750529978590208,0.75,8
1,1,0.656886673644185,0.5,8
1,1,0.5910753455039901,0.58,8
1,1,0.5719809933487316,1.0,8
1,0,0.4069579128821432,0.92,8
1,1,0.6662723201606771,0.58,8
1,1,0.5174851989036418,0.58,8
1,0,0.44002530174893323,0.75,8
1,1,0.5219527304375201,0.5,8
1,1,0.5996846160760613,0.58,8
1,1,0.7262861883699054,0.75,8
1,0,0.4222221149643902,1.0,8
1,1,0.632120070228664,0.75,8
1,0,0.45337156814467383,0.5,8
1,1,0.6855875550141038,0.5,8
1,1,0.6701883898737689,0.58,8
1,1,0.5428215999435259,0.92,8
1,1,0.5732741477883313,0.75,8
1,0,0.47940048997325146,0.83,8
1,0,0.46499836350128815,0.25,8
1,1,0.7883946655783227,1.0,8
1,1,0.504654952750746,0.33,8
1,0,0.41360731254098704,0.92,8
1,1,0.61021469889707,0.5,8
1,0,0.4869779895710982,0.83,8
1,1,0.5618603997778122,0.58,8
1,1,0.7436871613117025,0.75,8
1,1,0.5137886076050188,0.5,8
1,0,0.46452903347721364,0.83,8
1,1,0.7200959460607071,0.5,8
1,0,0.45427217440352685,0.67,8
1,0,0.3882721065535738,0.67,8
1,1,0.6291961656664952,0.42,8
1,1,0.5620661363940513,0.67,8
1,1,0.6993136575792561,0.33,8
1,1,0.5409345157715008,0.83,8
1,0,0.40116036666354576,0.5,8
0,1,0.6573973538150767,0.0,8
0,0,0.4471016129954017,0.0,8
0,1,0.6302970540742023,0.0,8
0,1,0.5582448108713676,0.0,8
0,1,0.5025065636217787,0.0,8
0,0,0.4788572313458288,0.0,8
0,1,0.5543276331104668,0.0,8
0,0,0.2784315431034252,0.0,8
0,0,0.4108640655099449,0.0,8
0,1,0.6416543654407156,0.0,8
0,1,0.5253255012772672,0.0,8
0,0,0.4423738269355587,0.0,8
0,1,0.5350028683547103,0.0,8
0,0,0.3853600427513719,0.0,8
0,1,0.5491634036744129,0.0,8
0,0,0.40013009270972644,0.0,8
0,0,0.4374700425396842,0.0,8
0,0,0.4641080755291497,0.0,8
1,1,0.7940238646058568,0.08,8
0,1,0.5780920267950334,0.0,8
0,0,0.4565824232242665,0.0,8
0,1,0.6401259711731586,0.0,8
0,1,0.6475942692578867,0.0,8
0,0,0.4831146549869846,0.0,8
0,0,0.3312688290134443,0.0,8
0,0,0.49398251104020074,0.0,8
1,0,0.27025017891934044,0.08,8
0,1,0.5055394228755379,0.0,8
0,1,0.5444047465774424,0.0,8
0,1,0.5165014990771074,0.0,8
0,0,0.39650456706486126,0.0,8
0,1,0.6772698173419633,0.0,8
0,0,0.4973003843502949,0.0,8
0,1,0.8071963727058235,0.0,8
0,0,0.3888261612900926,0.0,8
0,1,0.5761880392339404,0.0,8
0,0,0.41104704981317886,0.0,8
0,0,0.4382081391853506,0.0,8
0,0,0.43880120241824133,0.0,8
0,0,0.41694912760878783,0.0,8
0,0,0.19459032646734192,0.0,8
0,1,0.7642201711825454,0.0,8
0,1,0.7283384288721494,0.0,8
1,1,0.7981730495771324,0.08,8
0,0,0.25856693790902574,0.0,8
0,0,0.21129790647310664,0.0,8
0,1,0.5839186763305674,0.0,8
1,0,0.46421357078393316,0.67,8
1,1,0.6692755038676996,0.58,8
1,0,0.34106102850105113,0.25,8
1,1,0.8066223127629105,0.5,8
1,1,0.6766516762035749,1.0,8
1,1,0.7361824736663135,0.42,8
1,1,0.5200969614105525,0.5,8
1,1,0.5372818765846509,0.92,8
1,1,0.5536951060157315,0.92,8
1,0,0.4636270135003098,0.58,8
1,1,0.6924051220030462,0.5,8
1,1,0.7921584756847764,0.5,8
1,1,0.745007430070574,0.58,8
1,1,0.6710483137840138,0.25,8
1,1,0.6822816796592587,0.58,8
1,1,0.548793995811418,0.67,8
1,0,0.48408013705678976,0.75,8
1,0,0.4849338754772834,0.92,8
1,0,0.4699953113514204,0.42,8
1,1,0.6419940488447388,0.33,8
1,1,0.5324697307800629,1.0,8
1,0,0.37465666237275663,0.67,8
1,1,0.6238369414834872,0.92,8
1,0,0.4481831569815678,0.83,8
1,0,0.42502069912592483,0.58,8
1,1,0.7451553506521132,0.67,8
1,1,0.514258609326882,0.83,8
1,1,0.7534078378471462,1.0,8
1,1,0.5853328689631808,0.67,8
1,1,0.5284647895320141,0.92,8
1,1,0.5427425876957296,0.58,8
1,1,0.6841791620174714,0.75,8
1,0,0.47443945468776166,1.0,8
1,1,0.5968429056121756,0.67,8
1,1,0.6461733556160061,1.0,8
1,1,0.7495464481666828,1.0,8
1,0,0.43940176949822746,0.67,8
1,1,0.5798635136318655,0.58,8
1,1,0.7092521359775448,0.58,8
1,1,0.6241747025351201,0.5,8
1,1,0.6877271576192046,0.58,8
1,1,0.7876293014007623,1.0,8
1,1,0.5699297905052207,0.67,8
1,1,0.5422078687542419,0.25,8
0,0,0.16787039719529162,0.0,8
0,1,0.6436393230339112,0.0,8
0,1,0.6810951103963827,0.0,8
0,1,0.5223189976927942,0.0,8
0,1,0.5390794657309065,0.0,8
0,0,0.39899371429036934,0.0,8
0,1,0.5915558607764234,0.0,8
0,1,0.5439029396691316,0.0,8
0,0,0.44981571446456164,0.0,8
0,1,0.5291182941026166,0.0,8
0,0,0.3960172878804728,0.0,8
0,0,0.47590272695846614,0.0,8
0,1,0.6658750445253049,0.0,8
0,1,0.5555204781354578,0.0,8
1,1,0.6266690726729964,0.08,8
0,0,0.48711916739599775,0.0,8
0,0,0.4442842021263878,0.0,8
0,1,0.5121506911762939,0.0,8
0,1,0.5160933646092748,0.0,8
0,1,0.584615009296647,0.0,8
0,1,0.632434400790165,0.0,8
0,0,0.49564094402932596,0.0,8
0,0,0.4451865110392775,0.0,8
0,0,0.48941060005151493,0.0,8
0,1,0.6504208261756468,0.0,8
0,1,0.5505478950647245,0.0,8
0,0,0.49042620476307514,0.0,8
0,1,0.6322590197204039,0.0,8
0,0,0.4829003189974666,0.0,8
0,0,0.3321583416627761,0.0,8
0,0,0.4245489702200269,0.0,8
0,1,0.5794258624062347,0.0,8
1,1,0.5622107905981594,0.08,8
0,0,0.4271249357748591,0.0,8
0,0,0.4722328963813898,0.0,8
0,1,0.5019830895464176,0.0,8
0,1,0.5124229735612738,0.0,8
0,1,0.5753112865802694,0.0,8
0,0,0.4308447942479359,0.0,8
0,1,0.6184647325765995,0.0,8
0,0,0.4587823551022547,0.0,8
0,1,0.5296718377298963,0.0,8
0,0,0.48070411292487153,0.0,8
0,1,0.520514936150139,0.0,8
0,0,0.487592834876448,0.0,8
0,0,0.2260202226890607,0.0,8
0,1,0.5733132425433194,0.0,8
0,1,0.560480574432001,0.0,8
0,1,0.6056331867597725,0.0,8
1,1,0.5494634345419007,0.5,8
1,1,0.6856792854391504,0.42,8
1,1,0.6217507015901539,0.5,8
1,0,0.37323621836420356,0.92,8
1,0,0.4265864645644505,0.33,8
1,1,0.5640647541691635,0.75,8
1,1,0.5317875649663936,0.92,8
1,0,0.4918594471250241,0.92,8
1,0,0.4367323464312622,0.42,8
1,0,0.3453053158613337,0.75,8
1,0,0.4589605536205842,1.0,8
1,1,0.5800458620646911,0.5,8
1,0,0.3606681562635895,0.58,8
1,1,0.5410800110356321,1.0,8
1,1,0.5383967958074728,0.33,8
1,1,0.7317827230344307,1.0,8
1,0,0.45935018016714624,1.0,8
1,0,0.46371156811783065,0.5,8
1,1,0.6066870038626769,0.25,8
1,0,0.4642344915608866,0.58,8
1,1,0.5447281314053893,1.0,8
1,0,0.4361343576654574,0.42,8
1,0,0.49233236066426794,0.42,8
1,0,0.4713255894248073,0.25,8
1,1,0.6281656977673276,0.5,8
1,1,0.7301182477849995,0.92,8
1,1,0.5733854957206541,0.5,8
1,1,0.654584702014797,0.92,8
1,1,0.5428911247403401,0.92,8
1,1,0.5587634075226123,0.75,8
1,0,0.40907147708679137,0.5,8
1,0,0.4862771648974085,0.75,8
1,1,0.6732385610318583,0.83,8
1,1,0.630433413104773,1.0,8
1,1,0.5797675602013717,0.17,8
1,1,0.6679543719437816,0.5,8
1,1,0.5604385500579556,0.58,8
1,1,0.6443184373160044,0.25,8
1,1,0.549057969955153,0.58,8
1,1,0.6058487719554714,0.5,8
1,1,0.536421893712266,0.75,8
1,0,0.35974364706382245,0.33,8
1,1,0.6104845433989526,0.33,8
1,1,0.6615140555840143,0.41,8
1,0,0.48680741461268273,0.92,8
1,1,0.5184492050129544,0.67,8
1,1,0.7513236318214176,0.75,8
1,0,0.46711984157167963,0.75,8
1,1,0.5335180339270156,0.5,8
1,0,0.4004400609178554,0.92,8
1,0,0.44822205960056655,0.92,8
1,1,0.5938873033405364,0.67,8
1,1,0.7422522484644319,0.58,8
1,1,0.5260231969953121,0.5,8
1,1,0.5249341694931308,0.75,8
1,0,0.43402287646377746,0.25,8
1,1,0.6710096298909013,0.42,8
1,1,0.5950834107999914,0.83,8
0,1,0.6032909577837037,0.0,8
1,0,0.444015998182211,0.08,8
0,1,0.5721266539917319,0.0,8
1,0,0.46143946709754763,0.08,8
0,0,0.3552073905913701,0.0,8
0,0,0.38742796685730935,0.0,8
0,0,0.47126468248043624,0.0,8
0,0,0.4133457286275014,0.0,8
0,1,0.5528324997541345,0.0,8
0,0,0.4552094113634776,0.0,8
1,0,0.2995979093810588,0.08,8
0,0,0.47420339232228725,0.0,8
0,0,0.4270527824311266,0.0,8
0,0,0.4517524727432908,0.0,8
0,1,0.6067830500040131,0.0,8
0,0,0.33435759887628164,0.0,8
0,0,0.4823878654520218,0.0,8
0,1,0.5496961031191724,0.0,8
0,0,0.4139669299801005,0.0,8
0,0,0.4945184146694805,0.0,8
0,0,0.4433718414832462,0.0,8
0,0,0.4197268819361525,0.0,8
0,1,0.5616489660399614,0.0,8
0,0,0.46967746435465796,0.0,8
0,0,0.42715387738422506,0.0,8
0,0,0.45430187600519606,0.0,8
0,0,0.43058797650916314,0.0,8
0,1,0.5490252432937621,0.0,8
0,0,0.4518179219584171,0.0,8
0,0,0.3832496062229969,0.0,8
0,0,0.3421783384995623,0.0,8
0,0,0.4370728813772801,0.0,8
0,0,0.41546412715323894,0.0,8
0,1,0.590414270450952,0.0,8
0,1,0.6023364350495918,0.0,8
0,0,0.25162525303388794,0.0,8
0,1,0.6491730808718413,0.0,8
0,1,0.7221578479805983,0.0,8
0,0,0.42363897130691197,0.0,8
1,0,0.38957311222248864,0.08,8
0,0,0.38012059973619483,0.0,8
1,1,0.5388792138020395,0.17,8
0,0,0.4728364196080157,0.0,8
0,1,0.5377764009790869,0.0,8
0,1,0.6295209307009715,0.0,8
0,0,0.4644109806615277,0.0,8
0,0,0.497852488217496,0.0,8
0,0,0.4005550107571038,0.0,8
0,1,0.7314605191961907,0.0,8
0,1,0.7047343502179816,0.0,8
0,1,0.770189030282469,0.0,8
0,0,0.35123252154078466,0.0,8
0,1,0.5130342575267751,0.0,8
0,1,0.5263304181548578,0.0,8
0,0,0.36463993711767345,0.0,8
0,1,0.5091796961415236,0.0,8
0,1,0.5148466844000296,0.0,8
1,1,0.6202072941676094,0.08,8
0,1,0.5444616588897371,0.0,8
1,1,0.5719305069090298,0.5,8
1,1,0.7101479371943967,0.75,8
1,1,0.5877095490554927,0.92,8
1,1,0.568620727041366,1.0,8
1,1,0.5391328014847389,1.0,8
1,1,0.6552865683471336,0.75,8
1,1,0.8031891582061137,0.58,8
1,1,0.6276662597871303,1.0,8
1,0,0.4303854595555211,0.5,8
1,1,0.8223451101952042,0.75,8
1,1,0.5715137343864684,0.58,8
1,1,0.6846485905395356,0.5,8
1,1,0.836270258055502,0.58,8
1,0,0.31967820274047004,0.92,8
1,1,0.8387552895485394,1.0,8
1,0,0.29059992450303734,1.0,8
1,1,0.7003281652013863,0.58,8
1,1,0.703373702048083,0.75,8
1,1,0.5036833650104677,0.58,8
1,1,0.7570302293852503,0.5,8
1,0,0.41846104603032636,0.83,8
1,0,0.47153010004327484,0.58,8
1,1,0.6133997310409415,1.0,8
1,1,0.7870691062103713,0.58,8
1,1,0.7638234306041004,0.92,8
1,1,0.7262106385003203,1.0,8
1,1,0.5998050398541918,0.25,8
1,1,0.629806099624711,0.83,8
1,1,0.6233341229541475,0.17,8
1,1,0.6519598802050265,0.5,8
1,1,0.6649892275524457,0.83,8
1,1,0.5413614073765544,0.33,8
1,1,0.7657199160960364,0.67,8
1,0,0.45102093087105627,0.42,8
1,1,0.6973480129608096,0.67,8
1,1,0.5271610440690603,0.42,8
1,0,0.49821958026229207,0.67,8
1,1,0.6029851430224413,0.5,8
1,0,0.4129631790138638,0.83,8
1,1,0.5277304910278376,0.5,8
1,1,0.5052616613262388,0.75,8
1,1,0.5283825413243868,0.58,8
1,1,0.7281970680469492,0.58,8
1,0,0.3200698236015623,0.83,8
1,1,0.5623503920613306,0.75,8
1,0,0.4839783829737486,0.5,8
1,1,0.6746259650346201,0.92,8
1,0,0.48243261615477806,0.33,8
1,0,0.36255501316162814,1.0,8
1,1,0.7175793024665076,0.42,8
1,0,0.49816641788103655,0.25,8
1,0,0.496086383903422,0.83,8
1,1,0.72196911800125,0.75,8
1,1,0.7790609781291119,0.92,8
1,1,0.5589995103033651,0.58,8
1,1,0.6939696830165462,0.5,8
1,1,0.661902724708803,0.58,8
0,0,0.389446472318623,0.0,8
0,1,0.625250424130151,0.0,8
0,1,0.6316132012547434,0.0,8
0,0,0.48109716795540614,0.0,8
0,0,0.20650366023046007,0.0,8
1,0,0.43189477102472396,0.08,8
0,0,0.2877838968654643,0.0,8
0,1,0.6920270656945433,0.0,8
0,1,0.5073427732159221,0.0,8
0,1,0.5430492378909044,0.0,8
0,0,0.2390197796094298,0.0,8
0,1,0.6201941356080092,0.0,8
0,1,0.5443576315842412,0.0,8
0,1,0.513929846992963,0.0,8
0,0,0.3553488984107659,0.0,8
0,1,0.5311801240454737,0.0,8
0,1,0.5954003827168672,0.0,8
0,0,0.34039532890549795,0.0,8
0,0,0.46335619541335843,0.0,8
0,1,0.7763133531130367,0.0,8
0,1,0.5567733658222612,0.0,8
0,1,0.5658043467136562,0.0,8
0,0,0.4969920670854513,0.0,8
0,0,0.24358215462854127,0.0,8
0,1,0.6265491837586865,0.0,8
0,0,0.45682292830147575,0.0,8
0,0,0.3491284358979583,0.0,8
0,0,0.45572571266121953,0.0,8
1,1,0.6561721192575222,0.08,8
0,1,0.5028331286795695,0.0,8
0,1,0.5607886563269188,0.0,8
0,0,0.36976104270402615,0.0,8
0,0,0.3762363689120652,0.0,8
0,0,0.40133340312693033,0.0,8
0,1,0.7104837966547709,0.0,8
0,1,0.7678903850187102,0.0,8
0,0,0.30277861754892876,0.0,8
0,0,0.46297786617661635,0.0,8
0,0,0.3017622091087937,0.0,8
0,0,0.346986022433657,0.0,8
1,1,0.5296399444742169,0.08,8
0,1,0.5334655862193128,0.0,8
0,0,0.39859922655434765,0.0,8
0,0,0.347403776213974,0.0,8
0,1,0.7480121710926151,0.0,8
0,0,0.4077415525497444,0.0,8
0,1,0.5101446157945116,0.0,8
0,0,0.4122604074688167,0.0,8
0,0,0.37219481738820026,0.0,8
0,0,0.4665065520150217,0.0,8
0,0,0.425242834507522,0.0,8
1,0,0.3038122751325502,0.08,8
0,1,0.6203909925912356,0.0,8
0,0,0.44993687698460827,0.0,8
1,0,0.41836798609044223,0.53,8
1,1,0.5196516993063822,0.33,8
1,1,0.5569711170569585,0.6,8
1,1,0.6748885199740821,0.67,8
1,0,0.430508418492238,0.53,8
1,0,0.43337090987233884,0.93,8
1,1,0.5516811304936203,0.53,8
1,1,0.7944853141630509,0.6,8
1,0,0.328649418651021,0.33,8
1,1,0.5469369121950455,0.47,8
1,1,0.5802564288758268,0.8,8
1,1,0.5217114852265478,0.53,8
1,0,0.23271756696903623,0.53,8
1,1,0.5608810857442559,0.87,8
0,1,0.5166682039464261,0.0,8
0,0,0.3328693358444514,0.0,8
1,1,0.7549503068641099,0.2,8
1,0,0.15532839695450648,0.07,8
0,0,0.4950800171294081,0.0,8
0,1,0.6485642212813622,0.0,8
0,1,0.5032588288910033,0.0,8
0,1,0.533202380727568,0.0,8
0,0,0.4936050276507856,0.0,8
0,0,0.43044338179222913,0.0,8
0,1,0.54362941906593,0.0,8
0,0,0.4646328572569471,0.0,8
0,1,0.547119740796471,0.0,8
0,0,0.49986339407195596,0.0,8
1,0,0.4208155092887408,0.07,8
1,0,0.4950782640431705,0.07,8
1,0,0.3185343912141606,0.07,8
1,1,0.6368456981471139,0.07,8
0,0,0.3137426920055939,0.0,8
0,1,0.6332205964261457,0.0,8
0,0,0.4629824543661503,0.0,8
0,0,0.2380323321359235,0.0,8
0,1,0.5515614781106173,0.0,8
0,0,0.4528565322171865,0.0,8
0,1,0.5966606587119453,0.0,8
0,0,0.31027804960282984,0.0,8
0,0,0.3689409493267157,0.0,8
0,1,0.5790186128455541,0.0,8
0,0,0.40373451121641385,0.0,8
0,0,0.48299740807464686,0.0,8
0,0,0.2512486770636873,0.0,8
0,0,0.27859335948593666,0.0,8
0,0,0.2880741762860516,0.0,8
0,0,0.4528489511534361,0.0,8
0,0,0.30573681507572453,0.0,8
0,0,0.3091683851574466,0.0,8
0,1,0.5357061336604749,0.0,8
0,0,0.31343394691564264,0.0,8
0,1,0.524955009546962,0.0,8
0,1,0.6039216633373619,0.0,8
0,1,0.5128614836875577,0.0,8
0,1,0.6788077403785785,0.0,8
0,1,0.5891837910136862,0.0,8
0,0,0.4482565275444425,0.0,8
0,0,0.41094081466307886,0.0,8
0,0,0.4199662689642226,0.0,8
0,0,0.3922991315433456,0.0,8
0,0,0.3867781897366164,0.0,8
0,0,0.4543488820325078,0.0,8
0,0,0.37585278573204567,0.0,8
0,0,0.48283411306533625,0.0,8
0,1,0.5496971235179586,0.0,8
0,0,0.337884253453772,0.0,8
0,0,0.4867151749513166,0.0,8
0,0,0.26230216711616594,0.0,8
0,0,0.39656313794909936,0.0,8
0,0,0.1773435008653992,0.0,8
0,0,0.4763990978671441,0.0,8
1,1,0.5313647253112641,0.53,8
1,0,0.37471886427239165,0.53,8
1,1,0.5089950289684303,0.2,8
1,0,0.30763449003308174,0.73,8
1,0,0.25325132624271435,0.47,8
1,0,0.41612265074424853,0.87,8
1,0,0.47458658792700886,0.87,8
1,1,0.6392136269794074,0.4,8
1,0,0.45863603393841257,0.33,8
1,1,0.5069559150925188,0.8,8
1,1,0.5744039966543458,0.73,8
1,0,0.4773740919467637,1.0,8
1,0,0.3264765105011095,0.33,8
1,0,0.4731135217190042,0.27,8
1,0,0.41479585368350014,0.67,8
1,1,0.6145739361904382,0.33,8
1,1,0.5877463148457653,0.47,8
1,0,0.26146838551444845,0.33,8
1,1,0.5693110991969877,0.2,8
1,1,0.6787960718456915,0.33,8
1,1,0.6065411798789714,0.33,8
1,1,0.6790005097403486,0.67,8
1,0,0.3660300540817988,0.87,8
1,0,0.3035875548035815,0.47,8
1,1,0.5346529406083481,0.67,8
0,0,0.4974005964618535,0.0,8
0,0,0.3100089457967993,0.0,8
1,0,0.4840622643620928,0.07,8
0,1,0.7003470314654501,0.0,8
1,0,0.3784892123930778,0.07,8
1,0,0.409830861622011,0.13,8
1,1,0.6731687502058283,0.07,8
1,1,0.5597753529925392,0.13,8
0,1,0.5996721472231302,0.0,8
1,0,0.4125300580375908,0.07,8
0,0,0.4247419838241526,0.0,8
0,1,0.7160790388347261,0.0,8
1,0,0.45116389780173793,0.07,8
0,1,0.7029759622581468,0.0,8
0,1,0.6318363269257444,0.0,8
0,1,0.5182448233301555,0.0,8
1,1,0.7488127178902113,0.07,8
0,1,0.6903219680580607,0.0,8
0,0,0.4940792560288618,0.0,8
0,0,0.49558835131759393,0.0,8
1,1,0.6339202118202999,0.27,8
0,1,0.799137072744713,0.0,8
0,0,0.36052212657591537,0.0,8
0,0,0.42966526053931287,0.0,8
0,0,0.3455321744723256,0.0,8
0,0,0.44222894297975995,0.0,8
1,1,0.5210245492541871,0.2,8
0,0,0.39240694365874684,0.0,8
1,1,0.6499814224809479,0.07,8
0,0,0.47608390536099815,0.0,8
0,0,0.48254746526210285,0.0,8
0,0,0.400589746127009,0.0,8
0,1,0.5650772008270247,0.0,8
0,0,0.36945206726407226,0.0,8
0,0,0.2512141194545015,0.0,8
0,0,0.40780656741288784,0.0,8
0,1,0.6228556903385978,0.0,8
0,0,0.4216436361154912,0.0,8
0,1,0.5712785075158762,0.0,8
0,0,0.38251652636556277,0.0,8
0,0,0.39060639075932996,0.0,8
0,1,0.5425247627051623,0.0,8
0,1,0.5189480682593423,0.0,8
0,0,0.42477727848240926,0.0,8
0,0,0.33366152721626724,0.0,8
0,0,0.36025034562638764,0.0,8
0,0,0.22368439249937042,0.0,8
0,1,0.5113430152219369,0.0,8
0,0,0.41546655213549444,0.0,8
0,0,0.3001056841142545,0.0,8
0,0,0.4836860336587474,0.0,8
0,1,0.6043806303454589,0.0,8
0,1,0.538324028906109,0.0,8
0,0,0.34560246706840636,0.0,8
0,1,0.5339734842052675,0.0,8
0,0,0.4302159423248745,0.0,8
0,0,0.30391452473081865,0.0,8
0,0,0.3055113142619931,0.0,8
0,0,0.35483780441408097,0.0,8
1,0,0.4717544110081883,0.53,8
1,1,0.5131762404461004,0.33,8
1,0,0.2934897776943632,0.6,8
1,0,0.24487071639316266,1.0,8
1,0,0.4285817475102087,0.67,8
1,0,0.22804082783649743,0.53,8
1,0,0.17957253867124703,0.93,8
1,0,0.40582565397824943,0.53,8
1,1,0.5590794187371434,0.6,8
1,0,0.46509637052571845,0.47,8
1,0,0.48120980730323054,0.6,8
1,1,0.6058807677380299,0.73,8
1,1,0.575232134561685,0.47,8
1,0,0.4190011144788041,0.8,8
1,0,0.4315299649932983,0.33,8
1,1,0.6999005168568249,0.53,8
1,0,0.3492375736561231,0.2,8
1,1,0.5606287925766902,0.4,8
1,0,0.45148359578221187,0.53,8
1,0,0.446442697185383,0.87,8
1,0,0.3864318573944753,0.07,8
1,1,0.5345359981085294,0.2,8
1,1,0.6516663630906641,0.07,8
1,1,0.5454172368696898,0.07,8
0,1,0.6959649898769946,0.0,8
0,0,0.392007082433168,0.0,8
0,1,0.5009825016091707,0.0,8
0,1,0.5081696326642158,0.0,8
0,0,0.4268448152105042,0.0,8
0,1,0.6170584378794268,0.0,8
1,0,0.44738546316942734,0.07,8
0,0,0.3757977976903012,0.0,8
0,0,0.47117713058576055,0.0,8
1,0,0.42501099624871186,0.07,8
1,0,0.3165116801262258,0.07,8
1,0,0.3729525961042041,0.07,8
1,1,0.5005169981454891,0.07,8
0,1,0.5429178809506863,0.0,8
0,1,0.5418448491729264,0.0,8
0,0,0.355535711853846,0.0,8
0,0,0.2949202114877201,0.0,8
0,0,0.38523227050883546,0.0,8
0,1,0.7166801977247058,0.0,8
0,1,0.5221472434303789,0.0,8
0,0,0.3356134276025927,0.0,8
0,0,0.4343617442033954,0.0,8
0,0,0.44355105728473715,0.0,8
0,1,0.5541159974438054,0.0,8
0,0,0.39196764283746865,0.0,8
0,1,0.6032794075056036,0.0,8
0,0,0.293867683032678,0.0,8
0,1,0.5549338110738863,0.0,8
0,0,0.21264450342900623,0.0,8
0,0,0.43574538824363085,0.0,8
0,0,0.4300367064884691,0.0,8
0,0,0.36516581945161763,0.0,8
0,0,0.49694794626232036,0.0,8
0,0,0.4893400835725695,0.0,8
0,0,0.47970911357184154,0.0,8
0,0,0.41361081686442275,0.0,8
0,0,0.24838380229329063,0.0,8
0,0,0.2366989608044688,0.0,8
0,0,0.3601988775905094,0.0,8
0,0,0.41945025302497363,0.0,8
0,0,0.2330355911597882,0.0,8
0,1,0.551263496994687,0.0,8
0,0,0.40595098932362755,0.0,8
0,0,0.4695341041182299,0.0,8
0,0,0.2406873508778354,0.0,8
0,0,0.2714937426654017,0.0,8
0,0,0.41708207004678444,0.0,8
0,0,0.4243248379165265,0.0,8
1,0,0.43654582642490586,0.53,8
1,1,0.5304054253938124,0.27,8
1,0,0.3819114145879601,0.6,8
1,1,0.6740485120853523,1.0,8
1,1,0.5002000078320821,0.67,8
1,1,0.5199134698738324,0.53,8
1,0,0.31667523908928696,0.93,8
1,1,0.5508769544611423,0.53,8
1,0,0.4568949948510009,0.6,8
1,0,0.2555651091614181,0.47,8
1,1,0.5406203712723916,0.6,8
1,0,0.41012017671258905,0.33,8
1,0,0.42671770258861225,0.73,8
1,1,0.5566292505474785,0.47,8
1,0,0.39736442384162596,0.8,8
1,0,0.44800460786015545,0.33,8
1,0,0.2320530270783824,0.53,8
1,0,0.22184216040168325,0.2,8
1,1,0.5447623586264428,0.4,8
1,0,0.1929153768659586,0.6,8
1,0,0.49338556897885777,0.53,8
1,1,0.6020991938880091,0.87,8
0,1,0.5405250987904096,0.0,8
0,0,0.3884650736413847,0.0,8
1,1,0.6594363968185302,0.2,8
1,0,0.3558203063288808,0.07,8
1,1,0.5748028016488173,0.07,8
0,0,0.40054214134567057,0.0,8
0,0,0.4328855877888535,0.0,8
0,0,0.3512147065808417,0.0,8
0,0,0.4933451956017303,0.0,8
0,0,0.40572416340397227,0.0,8
0,0,0.37040090262429765,0.0,8
1,0,0.4848663734126555,0.07,8
0,0,0.48883944096727433,0.0,8
0,0,0.39389831485237214,0.0,8
1,0,0.3402769502669546,0.07,8
1,0,0.3169925250926871,0.07,8
1,0,0.40950408190690035,0.07,8
1,0,0.3020068407138839,0.07,8
0,0,0.3956515672010875,0.0,8
0,1,0.5476841262858005,0.0,8
0,0,0.2307425799102264,0.0,8
0,0,0.2299634306804278,0.0,8
0,0,0.311023448982663,0.0,8
0,1,0.5589796433264254,0.0,8
0,0,0.48447895533783947,0.0,8
0,1,0.6230749677159465,0.0,8
0,0,0.2979845638397218,0.0,8
0,1,0.5433681766865196,0.0,8
0,0,0.413227856449422,0.0,8
0,0,0.3981807408704543,0.0,8
0,0,0.2514413327830635,0.0,8
0,0,0.33487240807941093,0.0,8
0,0,0.41144938595235064,0.0,8
0,0,0.37109684766581524,0.0,8
0,1,0.5085077537531119,0.0,8
0,0,0.36735591967251235,0.0,8
0,1,0.508606003507063,0.0,8
0,0,0.475577266942011,0.0,8
0,0,0.45331323885002345,0.0,8
0,0,0.31950739791562777,0.0,8
0,1,0.5120390351872277,0.0,8
0,0,0.4904212360719891,0.0,8
0,1,0.6983050912714255,0.0,8
0,1,0.6507116951378056,0.0,8
0,0,0.36644642342328987,0.0,8
0,0,0.29368503313635946,0.0,8
0,0,0.421679238602074,0.0,8
0,0,0.4649100577462414,0.0,8
0,0,0.4954202667918562,0.0,8
0,1,0.5678736630925427,0.0,8
0,0,0.33273848903723374,0.0,8
0,0,0.15785251915151038,0.0,8
0,0,0.3468594838205783,0.0,8
0,0,0.3749231559780655,0.0,8
0,0,0.3490976832515532,0.0,8
0,0,0.39836596121203754,0.0,8
0,0,0.3625862514756409,0.0,8
1,1,0.5460319013676556,0.53,8
1,0,0.40734940835302186,0.33,8
1,0,0.2898333082852016,0.6,8
1,0,0.48180450791429885,1.0,8
1,0,0.2231920322066245,0.67,8
1,0,0.30001212419657736,0.53,8
1,0,0.19334031867761417,0.53,8
1,0,0.19335743098363073,0.6,8
1,0,0.2717629240354706,0.47,8
1,0,0.3818819800530165,0.6,8
1,1,0.5158974370084108,0.33,8
1,0,0.36297571384782923,0.73,8
1,0,0.49414437672349687,0.47,8
1,0,0.30526180135639946,0.8,8
1,0,0.49144396188412703,0.33,8
1,0,0.33374283382983255,0.2,8
1,0,0.30950876472210304,0.53,8
1,0,0.26315516833139435,0.2,8
1,0,0.37942791971365336,0.4,8
1,0,0.3078381536294738,0.6,8
1,0,0.42478232705286656,0.53,8
1,0,0.276065254295886,0.87,8
0,0,0.352390789686747,0.0,8
0,0,0.4964325184474206,0.0,8
1,0,0.21083090782321712,0.07,8
1,0,0.30237798730284315,0.07,8
0,0,0.4066307710867699,0.0,8
0,0,0.31172171389149006,0.0,8
0,1,0.5071073132458263,0.0,8
1,0,0.3921847448485473,0.07,8
0,0,0.26385679236828513,0.0,8
0,0,0.3476447011390302,0.0,8
0,0,0.3094910053020174,0.0,8
0,0,0.4241992111810254,0.0,8
0,0,0.36003382632197833,0.0,8
0,0,0.19023204545499714,0.0,8
1,0,0.27821897396696194,0.07,8
0,0,0.2782202244251105,0.0,8
0,0,0.3808406599324368,0.0,8
1,0,0.2692192273116622,0.07,8
1,0,0.27747090862812834,0.07,8
0,0,0.24399751327172853,0.0,8
0,0,0.41224728575416386,0.0,8
0,0,0.17964652929215846,0.0,8
0,0,0.3540383851947565,0.0,8
0,0,0.2710774769270571,0.0,8
0,0,0.41067973952740183,0.0,8
0,0,0.3120899476572628,0.0,8
0,0,0.21009805175660926,0.0,8
0,0,0.3419486354485422,0.0,8
0,0,0.13964847998443886,0.0,8
0,0,0.40018197587789844,0.0,8
0,0,0.38712517983881445,0.0,8
0,0,0.2920198885864797,0.0,8
0,0,0.3793990898915928,0.0,8
0,0,0.4226895133262683,0.0,8
0,0,0.3020146240603631,0.0,8
0,1,0.6448836818655227,0.0,8
0,0,0.1769673180395993,0.0,8
0,0,0.4782178926182382,0.0,8
0,0,0.30624882541007986,0.0,8
0,1,0.5188850656906345,0.0,8
0,0,0.4059023234598469,0.0,8
0,0,0.25012669411392724,0.0,8
0,0,0.4435844289288148,0.0,8
0,0,0.3582297658575845,0.0,8
0,1,0.5323823507395712,0.0,8
0,0,0.29550189825852224,0.0,8
0,0,0.41093293875005354,0.0,8
0,0,0.4330798352236123,0.0,8
0,0,0.49844365002871666,0.0,8
0,0,0.48228207974034354,0.0,8
0,0,0.3665948251546087,0.0,8
0,0,0.2684194830369355,0.0,8
0,1,0.6414461245541005,0.0,8
0,0,0.2345895576120876,0.0,8
0,1,0.5955275198336052,0.0,8
0,0,0.33162838024212504,0.0,8
0,0,0.1680041114786126,0.0,8
0,0,0.3392796988868377,0.0,8
0,0,0.46656126159521283,0.0,8
0,0,0.24992733626833744,0.0,8
0,0,0.28792788117358914,0.0,8
0,0,0.17684029929384465,0.0,8
0,0,0.2572171126003741,0.0,8
0,0,0.3911067788457112,0.0,8
0,0,0.41120378328590745,0.0,8
0,1,0.542511645504949,0.0,8
1,0,0.4418240560587385,0.73,8
1,0,0.448245393807347,0.47,8
1,0,0.3749736112715863,0.27,8
1,0,0.25913208793634496,0.2,8
1,0,0.29167981329038534,0.47,8
1,1,0.5122458916399135,0.8,8
1,1,0.6262619984792618,0.2,8
1,1,0.6491283784050985,0.4,8
1,1,0.7381527911825783,0.2,8
1,0,0.44303848304000315,0.2,8
1,1,0.6769240211542034,0.8,8
1,0,0.46375458265820235,0.13,8
1,1,0.64819921269082,0.6,8
1,1,0.6771322828489073,1.0,8
1,1,0.5201899145569577,0.6,8
1,0,0.23317077606419293,0.27,8
1,1,0.6603336981732654,0.67,8
0,0,0.31706089881534216,0.0,8
1,0,0.41412948858051557,0.13,8
1,0,0.4293182419934729,0.13,8
1,0,0.4228709158999951,0.07,8
1,1,0.5187185992693338,0.07,8
1,0,0.44270369249474933,0.07,8
0,0,0.36711265426622686,0.0,8
0,1,0.5656821759485562,0.0,8
0,0,0.3391563482128609,0.0,8
0,0,0.35347476246522036,0.0,8
0,1,0.5551503293389307,0.0,8
1,1,0.5296684604989835,0.07,8
1,1,0.6842270509341549,0.13,8
1,0,0.30870686602374353,0.07,8
0,0,0.18554039461373292,0.0,8
0,0,0.4087762346869141,0.0,8
0,0,0.3955533351645022,0.0,8
0,0,0.38042371152485716,0.0,8
0,0,0.31547694462202913,0.0,8
1,0,0.3441521608071133,0.07,8
0,0,0.31366952681395993,0.0,8
0,1,0.5017030295092317,0.0,8
0,0,0.24321229540871536,0.0,8
0,0,0.336615759703379,0.0,8
0,0,0.4706143501151744,0.0,8
0,0,0.42514478195455446,0.0,8
0,0,0.27225822069897,0.0,8
0,0,0.2697256607481009,0.0,8
0,0,0.49613494770787514,0.0,8
0,0,0.40474602925964615,0.0,8
1,1,0.5214064766583636,0.07,8
0,0,0.3612617150934927,0.0,8
0,0,0.39139238241686886,0.0,8
0,0,0.393394437543061,0.0,8
0,1,0.6329717777959507,0.0,8
0,0,0.39873790131914144,0.0,8
0,0,0.3991832840537072,0.0,8
0,0,0.43560078657646717,0.0,8
0,0,0.2508802994660473,0.0,8
0,1,0.5398614436961715,0.0,8
0,1,0.5496956116184265,0.0,8
0,0,0.38398823757180933,0.0,8
0,0,0.24748307225150415,0.0,8
0,0,0.28657053157226586,0.0,8
0,0,0.4210618194107324,0.0,8
0,0,0.44120831676428973,0.0,8
0,1,0.6611399196351444,0.0,8
0,0,0.3229438239443974,0.0,8
0,0,0.34460390635280336,0.0,8
0,1,0.5356683335235836,0.0,8
1,0,0.3748232979371578,0.73,8
1,0,0.38619979306250896,0.47,8
1,1,0.520213777291522,0.2,8
1,1,0.531920555861332,0.2,8
1,0,0.4477195351259416,0.47,8
1,0,0.24616696602313734,0.53,8
1,0,0.4686021593205671,0.2,8
1,0,0.431988190807111,0.87,8
1,0,0.3792207087858437,0.4,8
1,0,0.40699846926615907,0.2,8
1,0,0.41027845439949456,0.2,8
1,1,0.5709568102623924,0.8,8
1,0,0.19235460807853705,0.13,8
1,0,0.3106433425940475,0.6,8
1,0,0.46231275100799984,1.0,8
1,0,0.41130809260735235,0.6,8
1,0,0.3205691571965356,0.27,8
1,0,0.4641237414683516,0.67,8
0,0,0.4666236289520384,0.0,8
0,0,0.4769888334799731,0.0,8
1,0,0.4237538896202777,0.13,8
1,0,0.2208930339360295,0.13,8
1,0,0.4080162523211742,0.07,8
1,1,0.7457923104960102,0.07,8
0,1,0.5392033102790242,0.0,8
0,0,0.3219599746521051,0.0,8
0,0,0.2580296006345456,0.0,8
1,0,0.4589110917500689,0.07,8
0,0,0.4459405417408466,0.0,8
0,1,0.5985891875299453,0.0,8
0,0,0.16256344083745322,0.0,8
1,1,0.6550981599364111,0.2,8
1,1,0.5795915684497197,0.2,8
0,0,0.26362357934062236,0.0,8
0,1,0.5396317686699762,0.0,8
0,0,0.31435787688282,0.0,8
0,0,0.408691289999963,0.0,8
0,0,0.27984381803087216,0.0,8
0,0,0.49989517996910593,0.0,8
0,0,0.31823910326628135,0.0,8
0,0,0.4797067197826139,0.0,8
0,0,0.39106188532114505,0.0,8
0,0,0.17190673684571292,0.0,8
0,0,0.3542827471270804,0.0,8
0,0,0.4155139536440019,0.0,8
1,0,0.4685717815300556,0.07,8
0,0,0.27067795631347125,0.0,8
0,0,0.32695299498508046,0.0,8
0,1,0.5730099021088987,0.0,8
0,0,0.3914547968750198,0.0,8
0,0,0.3658644897834231,0.0,8
0,0,0.21841113064148968,0.0,8
0,0,0.48030428923345636,0.0,8
0,0,0.43456121272916404,0.0,8
0,0,0.4051094739059948,0.0,8
0,0,0.46650990499201517,0.0,8
0,1,0.5600231825173504,0.0,8
0,0,0.33655527821246545,0.0,8
0,0,0.25715769718826337,0.0,8
0,0,0.3308599911394814,0.0,8
0,1,0.502530593769392,0.0,8
0,1,0.5951866960874195,0.0,8
0,0,0.21187849700040773,0.0,8
0,0,0.44777296381693465,0.0,8
0,0,0.3657954392207838,0.0,8
0,0,0.297355934142366,0.0,8
0,0,0.29006800006354644,0.0,8
